EChh1h1,0.000212252079851864,0.00611040361797213,-0.128919130289722,5.68476031310597,7.17476991366605,0.149000960056008,EC,1,1,70.2,352,350,1.00571428571429
EChh1h2,0.000157647463523334,0.00630751845951361,-0.133547375546107,3.96250594817295,5.62253373907366,0.166002779090071,EC,1,2,105.3,536,517,1.03675048355899
EChh1h3,3.95069872594216e-05,0.00632971085445523,-0.151743584316261,0.98606641945638,1.50874386089853,0.0522677441442148,EC,1,3,132.3,665,658,1.01063829787234
EChh1h4,0.000186138168550482,0.0063518047955077,-0.128130800245171,4.61361287989493,7.4968931107419,0.288328023084697,EC,1,4,154.9,800,749,1.06809078771696
EChh1h5,0.000137505302635094,0.00635459409112498,-0.135727740434199,3.40520934892036,5.78817624358654,0.238296689466618,EC,1,5,173.3,891,842,1.05819477434679
EChh1h6,6.1991063817671e-05,0.00644223512094302,-0.145603027299169,1.49367443196925,2.67026482322865,0.11765903912594,EC,1,6,189.8,962,936,1.02777777777778
EChh1h7,7.83256309232304e-05,0.00642619607029685,-0.143424563924672,1.89668826606347,3.49844741844353,0.160175915238006,EC,1,7,204.5,1037,1008,1.02876984126984
EChh1h8,0.000117476218689341,0.0064274254940366,-0.137305952769032,2.84364813461842,5.38700826924266,0.254336013462424,EC,1,8,216.5,1108,1057,1.04824976348155
EChh1h9,6.76325873384581e-05,0.00639892793001058,-0.145706815713425,1.65173953684134,3.18361764005742,0.153187810321608,EC,1,9,226.5,1149,1116,1.02956989247312
EChh1h10,5.31641824744266e-05,0.00644114803034666,-0.146997990585634,1.28142319098987,2.53237640461313,0.125095321362326,EC,1,10,235.3,1193,1160,1.02844827586207
EChh2h1,0.00038762199054903,0.00573698429086129,-0.106742145072012,11.7771738522761,13.7811795434146,0.200400569113848,EC,2,1,51.7,259,258,1.00387596899225
EChh2h2,0.000261893159955555,0.00609229410634373,-0.121154170688489,7.05606274777625,9.0857347374318,0.202967198965555,EC,2,2,77.5,392,383,1.02349869451697
EChh2h3,9.6364606986463e-06,0.00614523981491026,-0.161159461490571,0.255176033945146,0.348553338115029,0.00933773041698827,EC,2,3,96.9,477,492,0.969512195121951
EChh2h4,0.000218140337186233,0.00618024711726767,-0.126509449861518,5.71115962458792,8.18050824153607,0.246934861694815,EC,2,4,113.2,577,555,1.03963963963964
EChh2h5,0.000155588383405568,0.0061907766609231,-0.13639833301118,4.0596341308744,6.02627129712079,0.196663716624638,EC,2,5,126.4,642,622,1.03215434083601
EChh2h6,2.95382071300606e-05,0.00629891291774031,-0.154068139303327,0.744479807665595,1.15240244813173,0.0407922640466136,EC,2,6,138.1,689,692,0.995664739884393
EChh2h7,7.19905117628225e-05,0.00628919772406314,-0.147556099991341,1.82005605450464,2.89487439512358,0.107481834061894,EC,2,7,149.3,749,744,1.00672043010753
EChh2h8,0.000120062009947888,0.00627675257185147,-0.140190007488626,3.04744299955242,4.96243205822124,0.191498905866881,EC,2,8,159.5,808,787,1.02668360864041
EChh2h9,0.000100199335084529,0.00624277029304583,-0.14413483480528,2.57104767269864,4.26541842897802,0.169437075627938,EC,2,9,169.1,856,835,1.0251497005988
EChh2h10,0.000123612028928662,0.00628771077781447,-0.139381088291081,3.12662374101287,5.33186233710021,0.220523859608733,EC,2,10,178.4,905,879,1.02957906712173
EChh3h1,0.00044011093669022,0.00557796872559441,-0.10037508111882,14.1452299193018,16.0641136032712,0.191888368396936,EC,3,1,43.6,222,214,1.03738317757009
EChh3h2,0.000215657903575626,0.00597235459471795,-0.131328789003597,6.0460844501125,7.44354766528255,0.139746321517005,EC,3,2,64.8,329,319,1.03134796238245
EChh3h3,9.2066686818862e-06,0.00605370005003169,-0.163667397315618,0.251223763474146,0.326258113231518,0.00750343497573724,EC,3,3,81.5,404,411,0.982968369829684
EChh3h4,0.00021144154266508,0.00612918855981544,-0.128656256801253,5.62839222100708,7.64343012260528,0.201503790159821,EC,3,4,95.3,487,466,1.0450643776824
EChh3h5,0.000131679318293281,0.00616629158776394,-0.140817324213109,3.46313526250049,4.86552000232393,0.140238473982344,EC,3,5,106.5,541,524,1.0324427480916
EChh3h6,1.18418270809734e-05,0.00629545429941124,-0.156963759233617,0.298788971845934,0.436509420797654,0.013772044895172,EC,3,6,116.3,581,582,0.99828178694158
EChh3h7,4.72336085857448e-05,0.00629966181884013,-0.151240879084153,1.19019097887918,1.78391743880199,0.0593726459922812,EC,3,7,125.7,632,625,1.0112
EChh3h8,8.4573336758697e-05,0.00628990810559631,-0.14553895667042,2.1376906836911,3.2735105963604,0.11358199126693,EC,3,8,134.3,680,663,1.02564102564103
EChh3h9,5.79262949534543e-05,0.00626147356031899,-0.150455590999661,1.47748353275605,2.30177470994371,0.0824291177187655,EC,3,9,142.3,719,704,1.02130681818182
EChh3h10,8.04163751066863e-05,0.0063026136121157,-0.145905124681223,2.02443168758159,3.23148147793295,0.120704979035136,EC,3,10,150.1,760,741,1.02564102564103
EChh4h1,0.000586212878820722,0.00565737523342073,-0.0731411836950193,18.3157786213319,20.5844224623681,0.226864384103619,EC,4,1,38.7,203,184,1.10326086956522
EChh4h2,0.000269136277997159,0.00610070557475878,-0.119799867908187,7.23122891404231,8.76530569862611,0.15340767845838,EC,4,2,57,294,276,1.06521739130435
EChh4h3,0.000152984695016869,0.00612117824512522,-0.138374553241882,4.08298639574242,5.17070757731236,0.108772118156994,EC,4,3,71.1,362,349,1.03724928366762
EChh4h4,0.000324938491090886,0.00614521937604043,-0.109851490662987,8.60451462251232,11.2950053287449,0.269049070623254,EC,4,4,82.8,433,395,1.09620253164557
EChh4h5,0.000258886105372018,0.0061901423993792,-0.119724853939113,6.75627724545848,9.1432071369885,0.238692989153001,EC,4,5,92.2,480,442,1.08597285067873
EChh4h6,0.000126256581815079,0.00633334770782697,-0.13795917396184,3.1476567265626,4.41274767634969,0.126509094978709,EC,4,6,100.2,511,491,1.04073319755601
EChh4h7,0.000158757162559364,0.00633758775858849,-0.132738649070478,3.95262265776761,5.66561244178314,0.171298978401554,EC,4,7,107.9,553,526,1.05133079847909
EChh4h8,0.000194031439654087,0.00634847903671294,-0.126954591120966,4.81429530833984,7.0437165499653,0.222942124162546,EC,4,8,114.9,593,556,1.06654676258993
EChh4h9,0.000164762228681276,0.00631869790661638,-0.132185108967488,4.1266959608488,6.1285570393263,0.20018610784775,EC,4,9,121.5,625,590,1.05932203389831
EChh4h10,0.000215211510508505,0.00637676802805134,-0.12306994484341,5.29254133283631,8.04724866734517,0.275470733450886,EC,4,10,128,663,617,1.07455429497569
EChh5h1,0.000755789578338739,0.00542085769529526,-0.0450501443476758,25.7196400239615,28.4329246101976,0.271328458623607,EC,5,1,35.9,192,167,1.1497005988024
EChh5h2,0.000477624050590249,0.00590216273365977,-0.088505853359594,13.7108325907793,16.223135096884,0.251230250610471,EC,5,2,52.6,278,248,1.12096774193548
EChh5h3,0.000325210281318573,0.00599372028090779,-0.112582784490441,9.05255818337751,11.1664250119482,0.211386682857072,EC,5,3,65,340,310,1.09677419354839
EChh5h4,0.000428791852150175,0.0060131184572144,-0.0949936629245183,11.8589709571135,15.0834856852829,0.322451472816932,EC,5,4,75.2,400,352,1.13636363636364
EChh5h5,0.000404587940582352,0.00606419919378108,-0.0981847792909328,11.0018575393252,14.3801668431878,0.337830930386264,EC,5,5,83.5,444,391,1.13554987212276
EChh5h6,0.000312422209461443,0.00616611474588119,-0.11150908130567,8.21710231896933,11.04764753669,0.283054521772067,EC,5,6,90.6,473,433,1.09237875288684
EChh5h7,0.000328366822152543,0.006189440769728,-0.108512740138391,8.57149245969935,11.7665016392436,0.319500917954424,EC,5,7,97.3,510,463,1.10151187904968
EChh5h8,0.000341390989908319,0.00614745393453737,-0.107135249341441,9.03361315208953,12.5601820778425,0.352656892575294,EC,5,8,103.3,543,490,1.10816326530612
EChh5h9,0.000296586964632467,0.00613457633046888,-0.114663669905591,7.88102871896137,11.1108607638089,0.322983204484756,EC,5,9,108.9,571,518,1.1023166023166
EChh5h10,0.000350457243587378,0.00616510291872203,-0.105357974550612,9.22049801820112,13.2297288848407,0.400923086663961,EC,5,10,114.4,602,542,1.11070110701107
EChh6h1,0.000713181151509487,0.0054723161526325,-0.0524126970172469,23.8153789750232,26.1974040210649,0.238202504604169,EC,6,1,33.4,180,154,1.16883116883117
EChh6h2,0.000388060709967046,0.00595135332767525,-0.102823552281342,10.9564082010083,12.8501444656475,0.189373626463918,EC,6,2,48.8,258,230,1.12173913043478
EChh6h3,0.000241381883775015,0.00602088033225746,-0.125997873128389,6.65862690516266,8.1189873020015,0.146036039683884,EC,6,3,60.5,316,289,1.09342560553633
EChh6h4,0.000357181309607266,0.00605398824413565,-0.106181027195653,9.7455326023798,12.2529453958228,0.250741279344301,EC,6,4,70.2,373,329,1.13373860182371
EChh6h5,0.000344505821606466,0.00611700794432671,-0.107159281851429,9.20700705937898,11.8941524679094,0.268714540853044,EC,6,5,78,415,365,1.13698630136986
EChh6h6,0.000258599524578148,0.00622807960511792,-0.119041586239939,6.66683047936902,8.85975444779172,0.21929239684227,EC,6,6,84.8,443,405,1.09382716049383
EChh6h7,0.0002763135648268,0.00625514156240771,-0.115694653422782,7.06200336640394,9.58198307762436,0.251997971122041,EC,6,7,91.2,479,433,1.10623556581986
EChh6h8,0.000292646235693276,0.00620200287201781,-0.114052472871008,7.60814911877977,10.4438911426476,0.283574202386784,EC,6,8,96.9,510,459,1.11111111111111
EChh6h9,0.000253420195192236,0.00619316331146371,-0.120549025959936,6.60718027230826,9.1971346671729,0.258995439486465,EC,6,9,102.2,538,484,1.11157024793388
EChh6h10,0.000289426856305727,0.00620641136132116,-0.11449017835373,7.51376681507265,10.6222112517962,0.310844443672351,EC,6,10,107.4,566,508,1.11417322834646
EChh7h1,0.000744205188337658,0.00549454750941193,-0.0465542997351787,24.6506756637725,27.0470163702197,0.239634070644726,EC,7,1,32.2,175,147,1.19047619047619
EChh7h2,0.00044634047284001,0.00598315279976627,-0.0925364177865588,12.4682666280079,14.5571400408991,0.208887341289125,EC,7,2,46.8,249,219,1.13698630136986
EChh7h3,0.000288416600526348,0.00605355656054478,-0.117547988914737,7.87044058250076,9.54037269954832,0.166993211704756,EC,7,3,57.9,303,276,1.09782608695652
EChh7h4,0.000425807901139455,0.00608581387100124,-0.094349270456094,11.4967843271754,14.3582134228325,0.286142909565714,EC,7,4,67.2,359,313,1.14696485623003
EChh7h5,0.000393588998660205,0.00615698970016197,-0.0984914756839438,10.3825993774424,13.3187733074475,0.293617393000513,EC,7,5,74.6,398,348,1.14367816091954
EChh7h6,0.00030107492817821,0.00628260829178987,-0.111247596437796,7.62771793837112,10.0664248566146,0.24387069182435,EC,7,6,81,425,385,1.1038961038961
EChh7h7,0.000312590266799758,0.00630467298780745,-0.109031782382626,7.86412341312028,10.5836587342782,0.271953532115789,EC,7,7,87,460,410,1.1219512195122
EChh7h8,0.000338845205182126,0.00625359079892022,-0.105724025776044,8.6644784247451,11.7920196685761,0.312754124383102,EC,7,8,92.3,489,434,1.12672811059908
EChh7h9,0.000278911878363987,0.00624098706194861,-0.115540717274115,7.16078189355245,9.8718053512504,0.271102345769795,EC,7,9,97.2,514,458,1.12227074235808
EChh7h10,0.000319184895835281,0.00625753560931514,-0.108799237698502,8.15146508156169,11.4135347169983,0.326206963543657,EC,7,10,102.2,542,480,1.12916666666667
EChh8h1,0.000785809660290197,0.00538900572993885,-0.0397457992148458,27.0582729085893,29.4471342758715,0.23888613672822,EC,8,1,30.4,169,135,1.25185185185185
EChh8h2,0.000497137392436811,0.00596879880706389,-0.084248543772001,13.954123092748,16.1365562455456,0.21824331527976,EC,8,2,43.9,237,202,1.17326732673267
EChh8h3,0.000306899141737894,0.0060588200653189,-0.114395352690776,8.36025576233403,10.020580119136,0.1660324356802,EC,8,3,54.1,287,254,1.12992125984252
EChh8h4,0.000385041335957318,0.00605443856851228,-0.101571542445065,10.504118235383,12.9144769984758,0.241035876309281,EC,8,4,62.6,337,289,1.16608996539792
EChh8h5,0.000331697718700433,0.0061444499639354,-0.10876519220144,8.78570184173047,11.0910009866985,0.230529914496801,EC,8,5,69.5,372,323,1.15170278637771
EChh8h6,0.000242394691918659,0.00627908954241608,-0.120655280190482,6.14794187067975,7.982869688504,0.183492781782425,EC,8,6,75.7,398,359,1.10863509749304
EChh8h7,0.000248754037766931,0.00629504846372687,-0.119339186435478,6.27728696800501,8.3046323758055,0.202734540780049,EC,8,7,81.5,432,383,1.12793733681462
EChh8h8,0.000282930446224143,0.00624472030765142,-0.114828129755829,7.25527203931513,9.70827900807845,0.245300696876332,EC,8,8,86.7,461,406,1.13546798029557
EChh8h9,0.000214123763609263,0.00622199651567545,-0.126306119653207,5.53102142996685,7.47740644117505,0.19463850112082,EC,8,9,90.9,481,428,1.12383177570093
EChh8h10,0.00024810518227915,0.00623651025739427,-0.120563389890904,6.37899928841102,8.75336588282249,0.237436659441147,EC,8,10,95.7,507,450,1.12666666666667
EChh9h1,0.00072006127615752,0.0054044638749401,-0.051797686194282,24.6526845923647,26.7120598421752,0.205937524981051,EC,9,1,28.6,159,127,1.25196850393701
EChh9h2,0.000471089954405269,0.00595702440259171,-0.0887876244664398,13.2753226456529,15.2209241573467,0.194560151169376,EC,9,2,41.3,222,191,1.16230366492147
EChh9h3,0.000260378682416541,0.00607867139003893,-0.121674831575116,7.04673747899167,8.37206497249186,0.132532749350019,EC,9,3,50.9,267,242,1.10330578512397
EChh9h4,0.000387504110728425,0.00607004354053822,-0.100904694534904,10.5170200380403,12.7994192502308,0.228239921219042,EC,9,4,58.9,316,273,1.15750915750916
EChh9h5,0.000360978662967401,0.00614384731194553,-0.104009963885357,9.56314419137778,11.9203348605549,0.235719066917713,EC,9,5,65.3,350,303,1.15511551155116
EChh9h6,0.000320811135101656,0.00625584113708614,-0.108568751989552,8.19743554827298,10.4751946074947,0.227775905922176,EC,9,6,71,376,334,1.12574850299401
EChh9h7,0.00028764786172219,0.00626787076565527,-0.113651376186812,7.32185431299072,9.4993486262277,0.217749431323698,EC,9,7,75.7,401,356,1.12640449438202
EChh9h8,0.000305936106926511,0.00622668934634545,-0.111465957986301,7.89071464113142,10.3504409408206,0.245972629968915,EC,9,8,80.4,426,378,1.12698412698413
EChh9h9,0.000244659507911919,0.006234056507019,-0.121163561998136,6.29536084945454,8.37252007162673,0.207715922217219,EC,9,9,84.9,449,400,1.1225
EChh9h10,0.00027863959467201,0.00626010463031736,-0.115231365596428,7.11016445204243,9.59562963651677,0.248546518447433,EC,9,10,89.2,474,418,1.13397129186603
EChh10h1,0.000761134990033324,0.00513763291394618,-0.0464932029920382,28.8360351517151,30.8682655751041,0.203223042338897,EC,10,1,26.7,152,115,1.32173913043478
EChh10h2,0.000496209433994131,0.00585489375150581,-0.0860460646064328,14.4752802326711,16.3708002705287,0.189552003785758,EC,10,2,38.2,209,173,1.20809248554913
EChh10h3,0.000309436904116335,0.00600250359720226,-0.115045844571511,8.58830084814352,10.0395599284491,0.145125908030561,EC,10,3,46.9,251,218,1.15137614678899
EChh10h4,0.00044374992042874,0.00602210948612745,-0.0923679785053127,12.2360429894089,14.6278550605198,0.239181207111091,EC,10,4,53.9,294,245,1.2
EChh10h5,0.00039879289597356,0.00613072493288713,-0.0980646025727523,10.6102044161644,12.9790342182473,0.236882980208295,EC,10,5,59.4,323,271,1.19188191881919
EChh10h6,0.000392019620837194,0.00622262514757914,-0.0977048054066595,10.1241955437542,12.6292009209039,0.250500537714967,EC,10,6,63.9,344,295,1.16610169491525
EChh10h7,0.000342530350562853,0.0062294259712373,-0.105542573661335,8.82679419478763,11.1765523996488,0.234975820486117,EC,10,7,68.6,369,317,1.16403785488959
EChh10h8,0.000353561028528909,0.00618723813945341,-0.104479406950417,9.23571929964614,11.8061079770513,0.257038867740517,EC,10,8,72.7,391,336,1.16369047619048
EChh10h9,0.000274896494445622,0.00620236366706633,-0.11690760885315,7.14586402246234,9.25706909980471,0.211120507734238,EC,10,9,76.8,412,356,1.15730337078652
EChh10h10,0.000281991026185778,0.00620357463341846,-0.115741167994712,7.32742302811435,9.60309060943358,0.227566758131923,EC,10,10,80.7,434,373,1.16353887399464
EShh1h1,-0.000428681826163171,0.0101352635864062,-0.140961486988792,-4.17315942827597,-7.42685448885444,-0.325369506057846,ES,1,1,75.9,393,366,1.07377049180328
EShh1h2,-0.000707924542770074,0.0104718788748008,-0.16309628512606,-6.45561688076731,-14.504718932063,-0.804910205129574,ES,1,2,113.7,582,555,1.04864864864865
EShh1h3,-0.000454151770272211,0.0107494512879301,-0.135276837051672,-3.93032459789789,-10.383821253466,-0.645349665556812,ES,1,3,142.1,733,688,1.06540697674419
EShh1h4,-0.00023994755357707,0.0107875958007608,-0.114941973770431,-2.06189713541816,-6.03062967158289,-0.396873253616473,ES,1,4,165.4,864,790,1.09367088607595
EShh1h5,-0.00030589428760971,0.0108710525587571,-0.120125836992459,-2.58838083758014,-8.25048410123587,-0.566210326365573,ES,1,5,185.1,969,882,1.09863945578231
EShh1h6,-0.000254225833840889,0.0110577144127608,-0.113425413880602,-2.07916493395853,-7.23740710259016,-0.515824216863163,ES,1,6,202.9,1068,961,1.11134235171696
EShh1h7,-0.000165412287028234,0.0112217242738079,-0.103853227774306,-1.3135559598073,-4.91954381702279,-0.360598785721549,ES,1,7,218,1153,1027,1.12268743914314
EShh1h8,-0.00023079272426505,0.0112396801747554,-0.109504247908178,-1.82689760508212,-7.12359062696502,-0.52966930218829,ES,1,8,229.5,1210,1085,1.11520737327189
EShh1h9,-0.000189782434795431,0.0113879992264132,-0.104476862980098,-1.46339361606609,-6.01247857811257,-0.454908496204648,ES,1,9,239.7,1262,1135,1.11189427312775
EShh1h10,-0.000139203510291374,0.0114492534642267,-0.0995002437364866,-1.06192989532431,-4.51696102075621,-0.345503112543189,ES,1,10,248.2,1312,1170,1.12136752136752
EShh2h1,-0.00095247744653022,0.00841916940786377,-0.23190855913964,-13.4374296705373,-18.6093822051964,-0.51719525346591,ES,2,1,54.3,265,278,0.953237410071942
EShh2h2,-0.0012258669019504,0.00915803506520862,-0.243050707504547,-14.6163426380542,-24.778779255223,-1.01624366171688,ES,2,2,82.9,403,426,0.946009389671362
EShh2h3,-0.00101462833469921,0.00959993278336314,-0.209858587571634,-11.0095762061831,-21.6327348704839,-1.06231586643008,ES,2,3,104.7,520,527,0.986717267552182
EShh2h4,-0.000647905564654019,0.00976616103027722,-0.168736267971125,-6.79303650040083,-14.7428377787056,-0.794980127830481,ES,2,4,122.7,623,604,1.03145695364238
EShh2h5,-0.000576664772341408,0.00983159683853744,-0.160367110067133,-5.96589079327528,-13.9065647084165,-0.794067391514119,ES,2,5,137.7,706,671,1.0521609538003
EShh2h6,-0.000489772440204625,0.0100657777441673,-0.148003709009757,-4.83392235062502,-12.2343839221169,-0.740046157149188,ES,2,6,151.1,779,732,1.06420765027322
EShh2h7,-0.000369224398289895,0.0102860594413319,-0.133114571824077,-3.48973405835435,-9.52655297039413,-0.603681891203978,ES,2,7,163.5,851,784,1.08545918367347
EShh2h8,-0.000361573357393999,0.0103547581051588,-0.131492531603965,-3.37222470790795,-9.66360112656353,-0.629137641865559,ES,2,8,174,908,832,1.09134615384615
EShh2h9,-0.000316373690229905,0.010613096288163,-0.124032954614582,-2.80876982874635,-8.62371825517202,-0.581494842642566,ES,2,9,183.8,958,880,1.08863636363636
EShh2h10,-0.000194651448581295,0.0106447337264148,-0.112229340750608,-1.71786106116136,-5.46490144635129,-0.374704038518992,ES,2,10,192.5,1010,915,1.10382513661202
EShh3h1,-0.000752214602409035,0.00794051321595032,-0.220667676604242,-11.9301145618659,-15.4580010471643,-0.352788648529837,ES,3,1,46.9,229,240,0.954166666666667
EShh3h2,-0.000905858267852991,0.00868700022092671,-0.219391990259404,-12.0038507619132,-18.4897959597406,-0.648594519782742,ES,3,2,71.6,351,365,0.961643835616438
EShh3h3,-0.000652544674498905,0.00922106160741845,-0.179214145274706,-7.67447017128349,-13.5538976885186,-0.587942751723514,ES,3,3,90.1,452,449,1.00668151447661
EShh3h4,-0.000462002952880387,0.00929471164412354,-0.157294062350468,-5.34777232619326,-10.2126634200237,-0.486489109383048,ES,3,4,105.3,536,517,1.03675048355899
EShh3h5,-0.000403202954130353,0.00938220816069702,-0.149559989513823,-4.58050727002281,-9.33427009921967,-0.475376282919686,ES,3,5,117.9,608,571,1.06479859894921
EShh3h6,-0.000367580860245357,0.0096559806715698,-0.141630447156128,-3.94239480876336,-8.69153952313337,-0.474914471437001,ES,3,6,129.2,669,623,1.07383627608347
EShh3h7,-0.000237657302442785,0.00990325321247082,-0.12497482149444,-2.42323423670182,-5.74330675182752,-0.33200725151257,ES,3,7,139.7,733,664,1.1039156626506
EShh3h8,-0.000244585971528618,0.00996083100614313,-0.124948005920495,-2.46513325281047,-6.07522219257287,-0.36100889397624,ES,3,8,147.6,777,699,1.11158798283262
EShh3h9,-0.000270149208705112,0.0100937874648398,-0.125834748663917,-2.65152293395753,-6.85504462140908,-0.420352168745155,ES,3,9,155.6,816,740,1.1027027027027
EShh3h10,-0.000147173745200857,0.0101794542537559,-0.112695014546344,-1.42030413592681,-3.82659486996082,-0.2406290734034,ES,3,10,163.5,863,772,1.11787564766839
EShh4h1,-0.00077116970290707,0.00762804921248426,-0.23219169850246,-13.2532681960657,-16.5461628274789,-0.329289463141319,ES,4,1,42.7,209,218,0.958715596330275
EShh4h2,-0.000819172942752559,0.00826624363566237,-0.220072504868384,-11.988344003505,-17.3129681313967,-0.532462412789163,ES,4,2,65,319,331,0.963746223564955
EShh4h3,-0.00055345341745017,0.00880452176613111,-0.176438136983877,-7.13952848370813,-11.661242904276,-0.452171442056789,ES,4,3,81.7,410,407,1.00737100737101
EShh4h4,-0.000362889126897002,0.00886726497250783,-0.153698928713929,-4.61524311638353,-8.07720538698093,-0.34619622705974,ES,4,4,95.4,486,468,1.03846153846154
EShh4h5,-0.000266245948815024,0.00895759904965245,-0.141359971773257,-3.31817869132742,-6.15902296518373,-0.284084427385631,ES,4,5,106.7,553,514,1.07587548638132
EShh4h6,-0.000275941500510414,0.00904008476916087,-0.141142647783916,-3.37654090852746,-6.5995376344891,-0.322299672596164,ES,4,6,116.8,607,561,1.08199643493761
EShh4h7,-0.00019526108081446,0.00915129310632981,-0.130611167943874,-2.33158234298603,-4.79772979367265,-0.246614745068663,ES,4,7,126.3,664,599,1.1085141903172
EShh4h8,-0.000155617206695938,0.00921157305863984,-0.125452753763055,-1.83396065257953,-3.92389973850598,-0.208993908592645,ES,4,8,134.3,710,633,1.1216429699842
EShh4h9,-0.000176583774301159,0.0093866239126675,-0.1253468536982,-2.00415801515838,-4.50458425926278,-0.25004262441044,ES,4,9,141.6,747,669,1.11659192825112
EShh4h10,-0.000115515744785154,0.00940782798436677,-0.118573144262293,-1.30515606691318,-3.02403034931627,-0.171887428240309,ES,4,10,148.8,788,700,1.12571428571429
EShh5h1,-0.000802878670395893,0.00725905954936187,-0.248362567924433,-15.2366398482805,-18.3277227293047,-0.309108288102419,ES,5,1,38.5,192,193,0.994818652849741
EShh5h2,-0.000814208555754027,0.0080507958448131,-0.225345244212455,-12.561978162826,-17.308814042872,-0.474683588004598,ES,5,2,58.3,288,295,0.976271186440678
EShh5h3,-0.000616230361922327,0.00827683746143957,-0.195271487382962,-8.99527073301539,-13.4937523750484,-0.449848164203299,ES,5,3,73,370,360,1.02777777777778
EShh5h4,-0.00031255469803287,0.00843494574551434,-0.155609145290695,-4.3930024370219,-7.05596846426195,-0.266296602724005,ES,5,4,85.2,441,411,1.07299270072993
EShh5h5,-0.000190415562223572,0.00857411076048195,-0.138838370004525,-2.59014609339913,-4.4009980901453,-0.181085199674617,ES,5,5,95.1,500,451,1.10864745011086
EShh5h6,-0.000216619613842549,0.00868071382110595,-0.14015202423613,-2.87466273633098,-5.12534052415507,-0.225067778782409,ES,5,6,103.9,546,493,1.10750507099391
EShh5h7,-0.000168176025033565,0.00880872994577383,-0.132615715571349,-2.16739212881052,-4.05432712968712,-0.18869350008766,ES,5,7,112.2,596,526,1.13307984790875
EShh5h8,-0.000107427450320535,0.00886981594261774,-0.124853487094311,-1.36548222943149,-2.64494316274907,-0.127946093331757,ES,5,8,119.1,636,555,1.14594594594595
EShh5h9,-0.00016238177348754,0.00905810631425014,-0.128325030990075,-1.97907591262555,-4.0153433521593,-0.203626743953375,ES,5,9,125.4,670,584,1.1472602739726
EShh5h10,-8.4264823909183e-05,0.00910275121381998,-0.119113968781552,-1.01695320900286,-2.12587829164771,-0.110892508264485,ES,5,10,131.6,706,610,1.15737704918033
EShh6h1,-0.000779564549103747,0.0072541157673306,-0.245317914158213,-14.8143676013756,-17.5662304597118,-0.275186285833623,ES,6,1,35.3,177,176,1.00568181818182
EShh6h2,-0.000842473133277684,0.00784583168239186,-0.234834649513663,-13.6860488607252,-18.184855392428,-0.449880653170283,ES,6,2,53.4,262,272,0.963235294117647
EShh6h3,-0.000647647538249974,0.00805942298075527,-0.20443740726654,-9.97081872004148,-14.3100572263163,-0.433923850627482,ES,6,3,67,338,332,1.01807228915663
EShh6h4,-0.000387689785339731,0.00821192474122546,-0.168984717842488,-5.74902817948126,-8.78851609654475,-0.303948791706349,ES,6,4,78.4,403,381,1.05774278215223
EShh6h5,-0.000283242701095723,0.00832555549812062,-0.154132982644269,-4.08631918823322,-6.57035767684271,-0.248403848860949,ES,6,5,87.7,458,419,1.09307875894988
EShh6h6,-0.000310366445818162,0.008467780189772,-0.154747338316708,-4.32848195282591,-7.30799983268026,-0.297951787985435,ES,6,6,96,501,459,1.09150326797386
EShh6h7,-0.000231939448796669,0.00860781485571497,-0.143118720540179,-3.13032036219466,-5.53785184070409,-0.240753147850943,ES,6,7,103.8,549,489,1.12269938650307
EShh6h8,-0.000156577422930046,0.00868208291600933,-0.133214279812667,-2.0772141988221,-3.80269739951121,-0.172548320068911,ES,6,8,110.2,587,515,1.13980582524272
EShh6h9,-0.000234159769497201,0.00889776495449298,-0.138704469696517,-2.95767481751551,-5.67861133907299,-0.272093652155748,ES,6,9,116.2,618,544,1.13602941176471
EShh6h10,-0.000160191394532787,0.00896040992315802,-0.129479722968287,-1.99518616860018,-3.95112309584552,-0.195593692724533,ES,6,10,122.1,651,570,1.14210526315789
EShh7h1,-0.000747213054484689,0.00717537177011122,-0.243501397622719,-14.5129478777165,-17.0161116102402,-0.250316373252371,ES,7,1,33.5,168,167,1.0059880239521
EShh7h2,-0.000815742317585112,0.00775512622898775,-0.234134463317706,-13.56360863466,-17.6994221848166,-0.413581355015652,ES,7,2,50.7,248,259,0.957528957528958
EShh7h3,-0.000608351008579316,0.00800635360069773,-0.200884333717056,-9.49040396363238,-13.3595163781968,-0.386911241456445,ES,7,3,63.6,321,315,1.01904761904762
EShh7h4,-0.000290585308675532,0.00816028332865494,-0.158154472914393,-4.36378331838034,-6.52283216183954,-0.21590488434592,ES,7,4,74.3,384,359,1.06963788300836
EShh7h5,-0.000184190855553656,0.00826894449525117,-0.143209433348323,-2.69381589786688,-4.22075809040669,-0.152694219253981,ES,7,5,82.9,437,392,1.11479591836735
EShh7h6,-0.000206922270908209,0.00843263937630941,-0.143125090146618,-2.90991417411375,-4.78462994854213,-0.187471577442837,ES,7,6,90.6,478,428,1.11682242990654
EShh7h7,-0.000132183136416928,0.00850891111130203,-0.133058522013833,-1.82569438094419,-3.11712362373758,-0.129142924279339,ES,7,7,97.7,520,457,1.13785557986871
EShh7h8,-5.9021571068185e-05,0.00860201455171386,-0.123113203854926,-0.797646419033006,-1.4091098952994,-0.0611463476266397,ES,7,8,103.6,556,480,1.15833333333333
EShh7h9,-0.000146346253146496,0.00883497451624543,-0.129750940541893,-1.87486933330109,-3.47150695512937,-0.159663762182827,ES,7,9,109.1,585,506,1.15612648221344
EShh7h10,-6.60206389421503e-05,0.00888796394875686,-0.119939802308857,-0.83574763128044,-1.59168394716806,-0.0755936315887621,ES,7,10,114.5,615,530,1.16037735849057
EShh8h1,-0.000799195738663697,0.00699749296032787,-0.257120049832733,-16.3218062836599,-18.807305030904,-0.24854987472441,ES,8,1,31.1,156,155,1.00645161290323
EShh8h2,-0.000831213236735223,0.00767193267232632,-0.238689951404377,-14.1222171395627,-18.0455436169529,-0.392332647739025,ES,8,2,47.2,230,242,0.950413223140496
EShh8h3,-0.000585073739145506,0.00789397847156345,-0.200795295408447,-9.38898683418077,-12.8526233699222,-0.346363653574139,ES,8,3,59.2,299,293,1.02047781569966
EShh8h4,-0.000300421760755301,0.00793828047919745,-0.163816555003707,-4.76736614522826,-6.8432805120474,-0.207591436681913,ES,8,4,69.1,356,335,1.06268656716418
EShh8h5,-0.00021748830667611,0.008083760472067,-0.150609151629749,-3.32819710752489,-5.00503195199769,-0.167683484447281,ES,8,5,77.1,405,366,1.10655737704918
EShh8h6,-0.000192522868204211,0.00821461227325122,-0.145170925727968,-2.8530421230936,-4.47793513073714,-0.162489300764354,ES,8,6,84.4,445,399,1.11528822055138
EShh8h7,-0.000120476141839534,0.0083317906742486,-0.134482032212191,-1.73549893098153,-2.83303658313969,-0.109753765215816,ES,8,7,91.1,484,427,1.13348946135831
EShh8h8,-6.60410783052562e-05,0.00841705181710963,-0.126652550259733,-0.932167922724774,-1.57012473915355,-0.0637956816428775,ES,8,8,96.6,518,448,1.15625
EShh8h9,-0.000119375474876572,0.00853881722463685,-0.131092567673994,-1.63726763631516,-2.85250997055865,-0.12152423342435,ES,8,9,101.8,545,473,1.15221987315011
EShh8h10,-9.15374529377072e-05,0.0085259749663507,-0.128024942278819,-1.25924639885589,-2.23778177075998,-0.097853537190409,ES,8,10,106.9,572,497,1.15090543259557
EShh9h1,-0.000601904096517844,0.006809748581727,-0.235236892712358,-12.9797146019861,-14.7854268915396,-0.180571228955353,ES,9,1,30,152,148,1.02702702702703
EShh9h2,-0.00079794391583851,0.00755243020644033,-0.238061639325752,-13.9893947940335,-17.6040807327819,-0.361468593874845,ES,9,2,45.3,221,232,0.952586206896552
EShh9h3,-0.000633729020469842,0.00775375286755039,-0.210701714173408,-10.5409483600197,-14.1341919060837,-0.359324354606401,ES,9,3,56.7,286,281,1.01779359430605
EShh9h4,-0.000329748008999041,0.00784027653443812,-0.169604733093045,-5.3643785844679,-7.55060788413155,-0.218622929966364,ES,9,4,66.3,342,321,1.06542056074766
EShh9h5,-0.000249139506798006,0.00801335745475024,-0.155882164729533,-3.87983778793905,-5.72347013824429,-0.184363235030524,ES,9,5,74,389,351,1.10826210826211
EShh9h6,-0.000207010080323434,0.00814381059685928,-0.14821195384737,-3.12130468836384,-4.80015643978688,-0.167885175142305,ES,9,6,81.1,428,383,1.11749347258486
EShh9h7,-0.00014309204552056,0.00826901071793309,-0.138238065533223,-2.0927067847526,-3.34762402396791,-0.125491723921531,ES,9,7,87.7,466,411,1.1338199513382
EShh9h8,-0.000108545596197507,0.00833625911059634,-0.132978783587523,-1.56195960569081,-2.5725191062896,-0.101055950059879,ES,9,8,93.1,499,432,1.15509259259259
EShh9h9,-0.000157508660819347,0.0084708807403619,-0.136645609387944,-2.19506459104705,-3.74179964029304,-0.154673504924599,ES,9,9,98.2,526,456,1.15350877192982
EShh9h10,-0.000132190664095935,0.0084633238218718,-0.133776124832895,-1.8455204768229,-3.20972813029295,-0.136420765347005,ES,9,10,103.2,552,480,1.15
EShh10h1,-0.000567466893213777,0.00666557643944883,-0.235158490410079,-12.7721821299152,-14.3951374445066,-0.16229553145914,ES,10,1,28.6,145,141,1.02836879432624
EShh10h2,-0.000802286384507712,0.00748971362541146,-0.240634886011239,-14.3020732168887,-17.767950397962,-0.346587718107331,ES,10,2,43.2,211,221,0.95475113122172
EShh10h3,-0.0006387378804539,0.00770342825299965,-0.212728388794403,-10.76352660699,-14.2190985402456,-0.34555719332556,ES,10,3,54.1,273,268,1.01865671641791
EShh10h4,-0.000335967568214794,0.00778720572035502,-0.171559300754403,-5.54030992742031,-7.67034430990211,-0.21300343824818,ES,10,4,63.4,327,307,1.06514657980456
EShh10h5,-0.0002607140269829,0.00798275092964211,-0.157929771089503,-4.09128034724251,-5.93974279855127,-0.184846245130876,ES,10,5,70.9,372,337,1.10385756676558
EShh10h6,-0.000241515829659651,0.00810774041361776,-0.1531272298228,-3.67405734204765,-5.55305049679973,-0.187899315475208,ES,10,6,77.8,409,369,1.10840108401084
EShh10h7,-0.000184632744190464,0.0082470253447243,-0.143643640545895,-2.71465138922217,-4.26925909530587,-0.15546077060837,ES,10,7,84.2,445,397,1.12090680100756
EShh10h8,-0.000132246471095755,0.00832171121469201,-0.136059332255699,-1.90967213401697,-3.09195558561302,-0.118228345159605,ES,10,8,89.4,478,416,1.14903846153846
EShh10h9,-0.000174535152394874,0.00846959908269949,-0.138676593889084,-2.43308456393314,-4.07895105101681,-0.164586648708366,ES,10,9,94.3,505,438,1.15296803652968
EShh10h10,-0.000162435684880171,0.0084416067610126,-0.137703131381203,-2.27945597728264,-3.88919361444513,-0.16097376371625,ES,10,10,99.1,530,461,1.14967462039046
GChh1h1,0.000255537746533484,0.00945364252167884,-0.0787487205867299,2.85928014654881,4.76559173568861,0.190631158913979,GC,1,1,74.6,360,386,0.932642487046632
GChh1h2,0.000335030270882322,0.0098515088053295,-0.0674992777510325,3.45206169485214,7.26470617749297,0.381264448264083,GC,1,2,113.8,574,564,1.0177304964539
GChh1h3,0.000327369738776612,0.00967199866866305,-0.0695440812458636,3.49950062740885,8.10559285199579,0.460609222458694,GC,1,3,140.7,712,695,1.02446043165468
GChh1h4,0.000304783024931734,0.00980118051843359,-0.0709319631202318,3.17273645587526,8.13155627151457,0.495881981563931,GC,1,4,162.7,827,800,1.03375
GChh1h5,0.000354188777730846,0.00970405086752097,-0.0665506839448519,3.76121940377814,10.1755781684838,0.641435876470562,GC,1,5,181.1,925,886,1.04401805869074
GChh1h6,0.000191493453938399,0.0097490543983531,-0.0829317914359142,2.01478609594043,5.78720713852689,0.377242104258646,GC,1,6,197,1002,968,1.03512396694215
GChh1h7,0.000145611980093898,0.00972783207714702,-0.0878292319532593,1.53873905673985,4.62134467532768,0.308260561858782,GC,1,7,211.7,1086,1031,1.0533462657614
GChh1h8,0.000192093381031261,0.0097723066827936,-0.0826730725092004,2.01149160694519,6.32014614347638,0.430865453653119,GC,1,8,224.3,1156,1087,1.06347746090156
GChh1h9,0.000167532616860932,0.00994097514806016,-0.0837410184353506,1.6952798344381,5.62224437365835,0.392696453922025,GC,1,9,234.4,1204,1140,1.05614035087719
GChh1h10,0.000214747972581414,0.00995189224867265,-0.078904795972175,2.16829187307375,7.39311004597956,0.52248181729058,GC,1,10,243.3,1254,1179,1.06361323155216
GChh2h1,0.000580806078338967,0.00976333577886897,-0.0429355223619682,6.09304942870555,9.34556346740376,0.325251403869822,GC,2,1,56,278,282,0.98581560283688
GChh2h2,0.00060662956051692,0.0100647624901011,-0.0390839267066627,5.98847867934828,11.1266310569266,0.513815237757831,GC,2,2,84.7,434,413,1.05084745762712
GChh2h3,0.000517918655679732,0.00992019561744054,-0.0485959514218378,5.2628510959652,10.6647426747048,0.54018915787396,GC,2,3,104.3,530,513,1.03313840155945
GChh2h4,0.000369263780212697,0.0100660819660224,-0.0626595553181788,3.64431397481653,8.09763516418166,0.445332118936512,GC,2,4,120.6,613,593,1.03372681281619
GChh2h5,0.000369636572379446,0.00995844426989934,-0.0632993879903418,3.7272793208954,8.68410575650377,0.495682643560837,GC,2,5,134.1,684,657,1.04109589041096
GChh2h6,0.000138877941889169,0.0100293554524561,-0.0858601594282864,1.3806615323491,3.41105704276875,0.203039551041965,GC,2,6,146.2,737,725,1.01655172413793
GChh2h7,8.02507488082485e-05,0.0099995963220697,-0.0919786380938009,0.802572282918263,2.06732408413626,0.1264751801218,GC,2,7,157.6,800,776,1.03092783505155
GChh2h8,0.000127952851880081,0.00997297435769009,-0.0874410298114814,1.28647267265149,3.44503728386846,0.215856461121697,GC,2,8,168.7,861,826,1.04237288135593
GChh2h9,8.06364208142615e-05,0.0100218890873836,-0.0917355571558967,0.802845649734499,2.24139939706092,0.143855374732643,GC,2,9,178.4,910,874,1.04118993135011
GChh2h10,0.000141479791363805,0.0100373861080076,-0.0855322490734202,1.40427818655487,4.05985387045349,0.265557568389862,GC,2,10,187.7,963,914,1.05361050328228
GChh3h1,0.000452067168641395,0.00963933747486956,-0.0568434119862599,4.86528848927581,7.00808686863602,0.214279837936021,GC,3,1,47.4,233,241,0.966804979253112
GChh3h2,0.000567027033967365,0.0100340222040668,-0.0431504891285919,5.6318833332313,9.70313743711698,0.407125410388568,GC,3,2,71.8,366,352,1.03977272727273
GChh3h3,0.000494942551987587,0.00991260524866913,-0.0509510300614687,5.03708373137815,9.40247703990866,0.436539330853051,GC,3,3,88.2,443,439,1.00911161731207
GChh3h4,0.00036460455551465,0.0101158542704154,-0.0628118424307091,3.56300935071667,7.26739163474551,0.370438228402884,GC,3,4,101.6,512,504,1.01587301587302
GChh3h5,0.00039493188472942,0.0100013133591639,-0.0604988658530708,3.94828167680544,8.40311333655329,0.445483165974785,GC,3,5,112.8,572,556,1.02877697841727
GChh3h6,0.000189187736888911,0.0100549896801905,-0.0806378016188805,1.87124099629975,4.19257452792669,0.232133353162694,GC,3,6,122.7,616,611,1.00818330605565
GChh3h7,0.000113338279381052,0.0100524525190458,-0.0882035223682026,1.12158593447172,2.61765122230161,0.149606528782989,GC,3,7,132,667,653,1.02143950995406
GChh3h8,0.000190143385693664,0.0100613012092628,-0.0804922343007438,1.87833443768059,4.55935617596125,0.268102173828066,GC,3,8,141,718,692,1.03757225433526
GChh3h9,0.000139470730697364,0.0101073001094905,-0.0851393804458837,1.36525178798861,3.44197096807236,0.207671918008375,GC,3,9,148.9,756,733,1.03137789904502
GChh3h10,0.000225028576553371,0.0100984210594424,-0.0767418410150368,2.20663612221299,5.73058363103877,0.352394750882578,GC,3,10,156.6,801,765,1.04705882352941
GChh4h1,0.000515054931682609,0.00990335222521717,-0.0489677694268576,5.2515692755641,7.45085383384884,0.219928455828474,GC,4,1,42.7,214,213,1.00469483568075
GChh4h2,0.000752421154474452,0.0102303130065028,-0.0242005152108421,7.18924284989866,12.0273108731694,0.483806802327073,GC,4,2,64.3,335,308,1.08766233766234
GChh4h3,0.00074321125616866,0.0100528078982011,-0.0255439819831125,7.35423513595393,13.2033077220013,0.584907258604736,GC,4,3,78.7,407,380,1.07105263157895
GChh4h4,0.000618613295759829,0.0102658184173473,-0.0371511250964366,5.86991880123298,11.4498107289866,0.557989192775366,GC,4,4,90.2,467,435,1.0735632183908
GChh4h5,0.000635194494461133,0.0101021720416336,-0.0361115910554098,6.2241092128765,12.5633502675986,0.63392410547221,GC,4,5,99.8,521,477,1.09224318658281
GChh4h6,0.000404065409252374,0.0101886266086296,-0.0584901786706835,3.89242613901279,8.268454521216,0.437602838220321,GC,4,6,108.3,559,524,1.06679389312977
GChh4h7,0.000288983202990802,0.0102061064352152,-0.0696658222724293,2.77429356253078,6.1322783812839,0.335798481875312,GC,4,7,116.2,600,562,1.06761565836299
GChh4h8,0.000321816204017131,0.0102310207387332,-0.0662870121468294,3.07446800477719,7.05855261050926,0.398408460573208,GC,4,8,123.8,643,595,1.08067226890756
GChh4h9,0.000243988545463443,0.0103066102478382,-0.0733520950494011,2.29687696131206,5.48092747960999,0.318405051829793,GC,4,9,130.5,674,631,1.06814580031696
GChh4h10,0.000359999306469329,0.0102936858815842,-0.0621741037071721,3.39750294162252,8.33309343331703,0.49355904916945,GC,4,10,137.1,714,657,1.08675799086758
GChh5h1,0.000437386896987677,0.0100706354687403,-0.05586669329445,4.31272748645833,6.0316579916199,0.171893050516157,GC,5,1,39.3,197,196,1.00510204081633
GChh5h2,0.000709423124156936,0.0104340749302006,-0.0278488392873251,6.51624550145598,10.7089361652235,0.419269066376749,GC,5,2,59.1,308,283,1.08833922261484
GChh5h3,0.000713722793399457,0.0101811338643312,-0.0281184011933576,6.8855283563364,12.0386069246805,0.515307856834408,GC,5,3,72.2,373,349,1.06876790830946
GChh5h4,0.000584733533673383,0.0104167246446966,-0.0398653588811182,5.38884425872883,10.2304379175444,0.484159365881561,GC,5,4,82.8,428,400,1.07
GChh5h5,0.000589114016498693,0.0102035716830068,-0.040268838820979,5.65841655979602,11.060592091089,0.540217553129302,GC,5,5,91.7,477,440,1.08409090909091
GChh5h6,0.000375661154719599,0.010266964956499,-0.0608104583901586,3.56379020428215,7.30537530528936,0.37415851010072,GC,5,6,99.6,513,483,1.06211180124224
GChh5h7,0.000245134899713029,0.0102892286941098,-0.0733645954160881,2.31547185007532,4.93596392800759,0.262049207793228,GC,5,7,106.9,551,518,1.06370656370656
GChh5h8,0.000314389093398979,0.0103125113746319,-0.066483408521379,2.95623252027404,6.54026818502239,0.358403566474836,GC,5,8,114,592,548,1.08029197080292
GChh5h9,0.00022261812038669,0.0104080702027811,-0.0746902993991713,2.05503908318753,4.73090889023554,0.267586980704801,GC,5,9,120.2,620,582,1.06529209621993
GChh5h10,0.000364043690114391,0.0103996864588016,-0.0611514887881432,3.36599150910993,7.9638633152547,0.459787180614476,GC,5,10,126.3,658,605,1.08760330578512
GChh6h1,0.000120969666903831,0.00980566016410802,-0.0896451965889775,1.25812215234207,1.69603234653393,0.0437910194191868,GC,6,1,36.2,179,183,0.978142076502732
GChh6h2,0.000418496632595828,0.010321593805476,-0.0563385246855639,3.92824385682985,6.21742043712903,0.228917658029918,GC,6,2,54.7,280,267,1.04868913857678
GChh6h3,0.000456072678823461,0.0100786195936653,-0.053968434478707,4.48985121311384,7.5546596148075,0.306480840169366,GC,6,3,67.2,340,332,1.02409638554217
GChh6h4,0.000453472369203397,0.0101923195383619,-0.053621516548768,4.36520625148889,7.87054766543115,0.350534141394226,GC,6,4,77.3,394,379,1.03957783641161
GChh6h5,0.000461066326496558,0.0100024918983796,-0.0538799410165728,4.60836626272187,8.55970468079737,0.39513384180755,GC,6,5,85.7,440,417,1.05515587529976
GChh6h6,0.000240525038726072,0.0100774001735484,-0.0753641760964731,2.36844488967524,4.60773300021497,0.223928811053973,GC,6,6,93.1,474,457,1.03719912472648
GChh6h7,0.000108573113570064,0.0101351883616257,-0.0879536575565869,1.05696022262012,2.14160562718506,0.108464540456494,GC,6,7,99.9,508,491,1.03462321792261
GChh6h8,0.00021319831427522,0.0101746709881464,-0.0773294474722,2.05941094834767,4.33210497852151,0.227269403017385,GC,6,8,106.6,547,519,1.05394990366089
GChh6h9,0.000100793690634902,0.0102765341996787,-0.0875009309454943,0.954421037901263,2.08835005754391,0.113392901964265,GC,6,9,112.5,573,552,1.03804347826087
GChh6h10,0.000248554056891195,0.0102915587260259,-0.0730157562244196,2.34670523916283,5.28461419161676,0.293790895245392,GC,6,10,118.2,607,575,1.05565217391304
GChh7h1,0.000368056212256415,0.00982031841706618,-0.064350641283216,3.81648019446373,5.03842681915503,0.12219466246913,GC,7,1,33.2,163,169,0.964497041420118
GChh7h2,0.000519272890764024,0.0101020963765604,-0.0475868662618776,5.08829913913182,7.70024177967486,0.261194264054304,GC,7,2,50.3,257,246,1.04471544715447
GChh7h3,0.000521483645976349,0.00988944695624852,-0.0483865635905258,5.33208031590469,8.54963441157876,0.321755409567407,GC,7,3,61.7,311,306,1.01633986928105
GChh7h4,0.000532881214424395,0.0100651849498472,-0.0464093593811902,5.26001389379477,9.04347051620798,0.37834566224132,GC,7,4,71,362,348,1.04022988505747
GChh7h5,0.000557910920016832,0.00987452246635073,-0.0447706794419345,5.72179979016432,10.1125587306968,0.439075894053246,GC,7,5,78.7,405,382,1.06020942408377
GChh7h6,0.00034715090612073,0.00998416914477848,-0.0653884248566339,3.48252660834758,6.45066685567982,0.296814024733224,GC,7,6,85.5,438,417,1.05035971223022
GChh7h7,0.000179267232011994,0.0100727972183657,-0.0814801241597088,1.76685427158052,3.41252746145062,0.16456731898701,GC,7,7,91.8,468,450,1.04
GChh7h8,0.000315022942495894,0.0100287626494635,-0.068301253249896,3.13218552185721,6.21626012889201,0.30840746070348,GC,7,8,97.9,502,477,1.05241090146751
GChh7h9,0.000176895598931746,0.0101428899822002,-0.0811508753927849,1.71946602265957,3.54679755962451,0.182733153696493,GC,7,9,103.3,525,508,1.03346456692913
GChh7h10,0.000291818364868965,0.010120258514979,-0.0699766348935507,2.84924245481335,6.01547171364163,0.316622925882827,GC,7,10,108.5,555,530,1.04716981132075
GChh8h1,0.000289574228991585,0.00992492936514824,-0.0715799321961022,2.93971385649327,3.84318545094701,0.0903471594453746,GC,8,1,31.2,153,159,0.962264150943396
GChh8h2,0.000469831147710506,0.0101937480787577,-0.0520092166486131,4.52141126614697,6.74371259481766,0.222230132867069,GC,8,2,47.3,242,231,1.04761904761905
GChh8h3,0.000511249534437929,0.0100054474363756,-0.0488484366811205,5.106929893786,8.07217719352598,0.296524729973999,GC,8,3,58,294,286,1.02797202797203
GChh8h4,0.000546226251655542,0.0101727201140991,-0.0446069235420663,5.27835234217296,8.92168144071542,0.364332909854247,GC,8,4,66.7,342,325,1.05230769230769
GChh8h5,0.00056338736943455,0.00998994810883365,-0.0437051950429425,5.64521701179169,9.80864967191302,0.416343266012133,GC,8,5,73.9,381,358,1.06424581005587
GChh8h6,0.000330742362592089,0.0101201358190186,-0.0661312900712442,3.22936506079657,5.88191880878512,0.265255374798856,GC,8,6,80.2,410,392,1.04591836734694
GChh8h7,0.000161024358636767,0.0102210662897364,-0.0820829860193452,1.5413425517445,2.92776227960707,0.138641972786256,GC,8,7,86.1,438,423,1.0354609929078
GChh8h8,0.000310863585069629,0.0101859773633237,-0.0676554041256487,2.99615611012141,5.8498838210606,0.285372771093919,GC,8,8,91.8,471,447,1.05369127516779
GChh8h9,0.000145546762756503,0.010301992024404,-0.0829405842306437,1.37138732653378,2.78173545764429,0.141034813111051,GC,8,9,96.9,492,477,1.0314465408805
GChh8h10,0.000244083810799653,0.0102812547543859,-0.0735237290835418,2.30912123036996,4.79145358620243,0.248233235583247,GC,8,10,101.7,518,499,1.03807615230461
GChh9h1,9.8606374839834e-05,0.00997296615224597,-0.090383704446562,0.991416865356895,1.2832917348828,0.0291874869525909,GC,9,1,29.6,143,153,0.934640522875817
GChh9h2,0.000356975113117645,0.0102989541086743,-0.0624359405913621,3.3655162663785,4.97547402653908,0.160995776016058,GC,9,2,45.1,229,222,1.03153153153153
GChh9h3,0.000438139825967224,0.0100980703459197,-0.0556403505606204,4.29670906228864,6.72400369814706,0.242729463585842,GC,9,3,55.4,279,275,1.01454545454545
GChh9h4,0.00046676705212269,0.0102175496800243,-0.0521879476563545,4.47102065989344,7.4489944524362,0.297797379254276,GC,9,4,63.8,326,312,1.04487179487179
GChh9h5,0.000480119233675551,0.0100324830655528,-0.0518197501981834,4.77015217138054,8.16939634580344,0.33992441744229,GC,9,5,70.8,363,345,1.05217391304348
GChh9h6,0.000238566865412311,0.0101670451871251,-0.0748922740652242,2.30791928826734,4.14488415194213,0.18369648636748,GC,9,6,77,391,379,1.03166226912929
GChh9h7,6.38992639036942e-05,0.0102717875761672,-0.0911331868143637,0.60562500270304,1.13471090782563,0.0529085905122588,GC,9,7,82.8,418,410,1.01951219512195
GChh9h8,0.00023500657420933,0.0102356084157679,-0.0747384419876988,2.24312092254738,4.32057903855786,0.207745811601048,GC,9,8,88.4,451,433,1.04157043879908
GChh9h9,8.2359956066427e-05,0.010347332197016,-0.0886837328174504,0.769235505942749,1.53847749560318,0.0769241989660429,GC,9,9,93.4,472,462,1.02164502164502
GChh9h10,0.000184007505411206,0.0103290030091459,-0.0790001216832128,1.72472051720771,3.52983414529163,0.180511362808393,GC,9,10,98.1,497,484,1.02685950413223
GChh10h1,7.94190291169731e-05,0.009949764179134,-0.0925228934383802,0.802230184151244,1.02222089480526,0.0219990710654016,GC,10,1,27.7,134,143,0.937062937062937
GChh10h2,0.000499291342059773,0.0102779072766445,-0.0487169853222976,4.72655422428448,6.83356368777672,0.210700946349224,GC,10,2,42.2,218,204,1.06862745098039
GChh10h3,0.000544495527278874,0.0100873249258192,-0.0451561217736955,5.3510905015286,8.1606874222876,0.280959692075899,GC,10,3,51.6,263,253,1.0395256916996
GChh10h4,0.000595911638928107,0.0102512239979826,-0.0394185475950399,5.67061837963767,9.20437439848134,0.353375601884367,GC,10,4,59.3,307,286,1.07342657342657
GChh10h5,0.000589642164245587,0.0100812341191465,-0.0407051191257478,5.80177831397874,9.6698309114298,0.386805259745105,GC,10,5,65.6,340,316,1.07594936708861
GChh10h6,0.000286964242239322,0.0102064262066142,-0.0698614523170312,2.75473853413986,4.79505429646144,0.204031576232158,GC,10,6,71.1,362,349,1.03724928366762
GChh10h7,0.000109923541267651,0.010348086901962,-0.0860136242732546,1.02652747235986,1.86524409223204,0.0838716619872177,GC,10,7,76.3,386,377,1.02387267904509
GChh10h8,0.000265087780759337,0.0103048008639886,-0.0713174595938969,2.49637889382669,4.6515425514001,0.215516365757341,GC,10,8,81.3,416,397,1.04785894206549
GChh10h9,7.16256447061629e-05,0.0104404491569495,-0.0889209210578725,0.65709805022631,1.27092982535813,0.0613831775131816,GC,10,9,85.7,433,424,1.02122641509434
GChh10h10,0.000164023859902123,0.0104246117121814,-0.0801925446413528,1.50934059309719,2.9855553322163,0.147621473911911,GC,10,10,90,455,445,1.02247191011236
SFhh1h1,0.000159050390050893,0.00665607871070141,-0.126343098767305,3.59002803844375,4.63498910107812,0.104496106263437,SF,1,1,65.7,322,335,0.961194029850746
SFhh1h2,0.000237141595619363,0.00647362833691805,-0.117840933195096,5.65864193171498,8.01108656025906,0.235244462854408,SF,1,2,99.2,497,495,1.0040404040404
SFhh1h3,0.000115539825444451,0.00638616736744933,-0.138496240963507,2.83302961586927,4.27150044265269,0.143847082678342,SF,1,3,124.5,614,631,0.973058637083994
SFhh1h4,0.000155041480203764,0.00638083754184006,-0.132421255713803,3.80796134375345,6.07621819913451,0.226825685538106,SF,1,4,146.3,730,733,0.995907230559345
SFhh1h5,0.000136403907867801,0.00648016893086717,-0.133267527644011,3.24828523093844,5.49212951536377,0.224384428442533,SF,1,5,164.5,814,831,0.979542719614922
SFhh1h6,6.17459834948534e-05,0.00653330272912352,-0.143610981368227,1.44658230365178,2.56233222540378,0.1115749921752,SF,1,6,180.7,895,912,0.981359649122807
SFhh1h7,8.483336370334e-05,0.0065365602140339,-0.140007374877663,1.98549206166351,3.6287143165972,0.16432222549337,SF,1,7,193.7,961,976,0.984631147540984
SFhh1h8,9.45139108004722e-05,0.00650965746134543,-0.13909888416961,2.23038307413267,4.17075366286636,0.194037058873369,SF,1,8,205.3,1021,1032,0.989341085271318
SFhh1h9,5.37248347600409e-05,0.00648763287947871,-0.145858309620626,1.27644632152823,2.43421651060711,0.115777018907888,SF,1,9,215.5,1068,1087,0.982520699172033
SFhh1h10,6.8296883407481e-05,0.00650147704526549,-0.143306376398115,1.61575987517819,3.15039084534429,0.15346309701661,SF,1,10,224.7,1115,1132,0.984982332155477
SFhh2h1,0.000409034808549511,0.00666482213762253,-0.0886693116856826,9.20837802366337,11.2085582374705,0.200018021380711,SF,2,1,48.9,247,242,1.02066115702479
SFhh2h2,0.000449319967858428,0.00645962083455182,-0.0852495906874353,10.7681641150138,14.0481998803803,0.328003576536652,SF,2,2,73,381,349,1.09169054441261
SFhh2h3,0.000231618806389218,0.00638031912933046,-0.120429899827192,5.68969538567369,7.7904779596239,0.210078257395021,SF,2,3,90.7,457,450,1.01555555555556
SFhh2h4,0.000243390383340132,0.00637977165501963,-0.11859509361351,5.9798893123073,8.5671290872129,0.25872397749056,SF,2,4,106.3,537,526,1.02091254752852
SFhh2h5,0.000215091878137549,0.00646309494682014,-0.121444621860093,5.14923769338308,7.70883104321991,0.255959334983683,SF,2,5,119,595,595,1
SFhh2h6,8.54165896200027e-05,0.00656265780860016,-0.139361739870311,1.9832739523856,3.09625211513423,0.111297816274863,SF,2,6,130.3,645,658,0.980243161094225
SFhh2h7,0.000145900360274766,0.00656453815499608,-0.130108108073864,3.38569639012796,5.43413744838568,0.204844105825771,SF,2,7,140.4,698,706,0.988668555240793
SFhh2h8,0.000151448943301055,0.00651627846017136,-0.130220195758275,3.56670325413713,5.84146638251898,0.227476312838184,SF,2,8,150.2,749,753,0.99468791500664
SFhh2h9,0.000119956337649698,0.0064679787857975,-0.13606161855118,2.86738510144226,4.77469087007246,0.19073057686302,SF,2,9,159,790,800,0.9875
SFhh2h10,0.000134700849996598,0.0065067258457723,-0.132985340171605,3.18159810354177,5.43918434948475,0.225758624594298,SF,2,10,167.6,836,840,0.995238095238095
SFhh3h1,0.000617647005008254,0.00651641812271489,-0.0586753317223373,14.5452923343777,17.0344097645609,0.248911743018326,SF,3,1,40.3,205,198,1.03535353535354
SFhh3h2,0.000613412071248107,0.00633333581000452,-0.0610401754066499,15.2928097602558,18.9610139463195,0.366820418606368,SF,3,2,59.8,317,281,1.12811387900356
SFhh3h3,0.000354028191665321,0.00630708438301562,-0.102420035805169,8.89980648928083,11.5266956714375,0.262688918215668,SF,3,3,74.2,378,364,1.03846153846154
SFhh3h4,0.000314778101680647,0.00635592266476178,-0.107808407128414,7.79197056580434,10.5273922694092,0.273542170360482,SF,3,4,86.9,444,425,1.04470588235294
SFhh3h5,0.000214982413114863,0.00639144728235143,-0.122823134136268,5.26265028492638,7.35012951627169,0.208747923134531,SF,3,5,97.1,489,482,1.01452282157676
SFhh3h6,8.61078847514655e-05,0.00654085216079065,-0.139720649967735,2.01267779212404,2.92800460703212,0.0915326814908078,SF,3,6,106.3,530,533,0.99437148217636
SFhh3h7,0.00015170704918334,0.00656027675194536,-0.129307494621337,3.52501881369608,5.25903038586165,0.173401157216558,SF,3,7,114.3,574,569,1.00878734622144
SFhh3h8,0.000148176491459085,0.00653161062295385,-0.130415537256213,3.47327150929199,5.28546999983661,0.181219849054461,SF,3,8,122.3,614,609,1.00821018062397
SFhh3h9,0.000124550662447956,0.00648600192468474,-0.134975189294998,2.96068289994047,4.57610499189046,0.161542209194999,SF,3,9,129.7,648,649,0.998459167950693
SFhh3h10,0.000117229528860434,0.00653001218133756,-0.135186649982442,2.74921710122998,4.35291705604072,0.160369995481074,SF,3,10,136.8,685,683,1.00292825768668
SFhh4h1,0.000694211819643755,0.00666820128975086,-0.0458576709173803,15.6125772882361,18.0492607751857,0.243668348694958,SF,4,1,35.1,180,171,1.05263157894737
SFhh4h2,0.000603750539139125,0.00638944509001324,-0.0620162557590825,14.7887425002502,17.9222077983823,0.313346529813206,SF,4,2,51.9,275,244,1.12704918032787
SFhh4h3,0.000416513607109418,0.00632717851647218,-0.0922190501455797,10.4042078118962,13.0823903056098,0.267818249371355,SF,4,3,64.3,331,312,1.06089743589744
SFhh4h4,0.000382348988725393,0.00640249646595458,-0.0964703400554737,9.32741394727301,12.202678342488,0.287526439521496,SF,4,4,75.2,388,364,1.06593406593407
SFhh4h5,0.000279788375539728,0.00646945729591356,-0.111324890406989,6.68488538913405,9.03230985991237,0.234742447077832,SF,4,5,83.9,426,413,1.03147699757869
SFhh4h6,0.000157440924071388,0.00663740518748154,-0.126941033751822,3.57372367513944,5.01588253963336,0.144215886449392,SF,4,6,91.6,461,455,1.01318681318681
SFhh4h7,0.000226354361793546,0.00664641526440058,-0.116400436540618,5.12405665695686,7.34685648976948,0.222279983281262,SF,4,7,98.2,497,485,1.02474226804124
SFhh4h8,0.000223396395132458,0.00663639775449205,-0.117021859387779,5.07237490637116,7.41803705526197,0.234566214889081,SF,4,8,105,531,519,1.02312138728324
SFhh4h9,0.000184037942282316,0.00658880847935433,-0.123840609462918,4.23929463119414,6.28763692879631,0.204834229760218,SF,4,9,111.3,559,554,1.00902527075812
SFhh4h10,0.000198750227360171,0.00665253419256931,-0.120442789085519,4.49090019335302,6.82025285801423,0.232935266466121,SF,4,10,117.2,594,578,1.02768166089965
SFhh5h1,0.000804538299423423,0.0066854883335339,-0.0292367125369371,18.0003294000279,20.5748519581829,0.257452255815495,SF,5,1,32,168,152,1.10526315789474
SFhh5h2,0.000680684956449271,0.00637357418854086,-0.0500998394472022,16.7563746406347,19.9487870863817,0.319241244574708,SF,5,2,46.9,254,215,1.18139534883721
SFhh5h3,0.000535202676037169,0.00627605725655258,-0.0740588087333899,13.5876540909044,16.6971816386804,0.310952754777595,SF,5,3,58.1,307,274,1.12043795620438
SFhh5h4,0.000456434237782534,0.00638980019098016,-0.085067724493915,11.1790180671942,14.2736421993598,0.309462413216558,SF,5,4,67.8,356,322,1.1055900621118
SFhh5h5,0.000321714387894098,0.00647628472224985,-0.104733754180941,7.67041067216132,10.1025714446407,0.243216077247938,SF,5,5,75.6,389,367,1.05994550408719
SFhh5h6,0.000256398660634151,0.00663717271655867,-0.112035857905383,5.82035552747069,7.93051650448975,0.211016097701906,SF,5,6,82.3,423,400,1.0575
SFhh5h7,0.000304373137453866,0.00665287345486258,-0.10456036286662,6.87682219471972,9.5522620729392,0.267543987821948,SF,5,7,87.9,454,425,1.06823529411765
SFhh5h8,0.000276881699838082,0.00665706044977356,-0.108624265262082,6.24783067905425,8.84498102353545,0.259715034448121,SF,5,8,93.8,484,454,1.06607929515419
SFhh5h9,0.00020792156593869,0.00660309534012087,-0.119955625848469,4.76874831027254,6.83133024438434,0.206258193411181,SF,5,9,99.2,507,485,1.04536082474227
SFhh5h10,0.000221380022004547,0.00665478526044363,-0.117001518084078,4.99885263701645,7.30784626652387,0.230899362950743,SF,5,10,104.3,537,506,1.06126482213439
SFhh6h1,0.000718778222355911,0.00650270365009279,-0.0432469004857812,16.9983585591612,19.1762565728996,0.217789801373841,SF,6,1,30.3,161,142,1.13380281690141
SFhh6h2,0.000630508617777845,0.00627053245488954,-0.0589250410360349,16.0354882119707,18.8223363025487,0.278684809057808,SF,6,2,44.2,242,200,1.21
SFhh6h3,0.00051624305487444,0.00622018910603095,-0.0777720639805823,13.3428021250595,16.161489204674,0.281868707961444,SF,6,3,54.6,294,252,1.16666666666667
SFhh6h4,0.000421480027530537,0.00629804379110869,-0.0918570895436123,10.6258981222045,13.3022962970234,0.267639817481891,SF,6,4,63.5,340,295,1.15254237288136
SFhh6h5,0.000309481004224183,0.00639688470807308,-0.107946137422855,7.56304963378988,9.75108033365486,0.218803069986498,SF,6,5,70.7,370,337,1.09792284866469
SFhh6h6,0.000243171910769537,0.0065488899419907,-0.11556585863167,5.66993426037335,7.5374945350834,0.186756027471004,SF,6,6,76.8,399,369,1.08130081300813
SFhh6h7,0.000300507983217746,0.00658800877730755,-0.106176545968132,6.92385039816071,9.38501078071405,0.246116038255334,SF,6,7,81.9,427,392,1.08928571428571
SFhh6h8,0.000253421275702706,0.00660168611459078,-0.11308909744243,5.81478056179065,8.02714829867528,0.221236773688462,SF,6,8,87.3,454,419,1.08353221957041
SFhh6h9,0.000172958157276632,0.00655692441074272,-0.126132587615066,4.0229135082083,5.61931729987161,0.159640379166331,SF,6,9,92.3,474,449,1.05567928730512
SFhh6h10,0.000171610699031017,0.00661561938965719,-0.125217194668738,3.92105864241547,5.58739853000664,0.166633988759117,SF,6,10,97.1,501,470,1.06595744680851
SFhh7h1,0.000783285684987501,0.0065439013916776,-0.033116989704049,18.2913894560215,20.5315865150858,0.224019705906425,SF,7,1,28.6,153,133,1.15037593984962
SFhh7h2,0.000736145078268771,0.00628169878414597,-0.0420037526150024,18.6555989840787,21.7179625096768,0.306236352559809,SF,7,2,41.6,230,186,1.23655913978495
SFhh7h3,0.000565833520166386,0.00625559669061168,-0.069404487102758,14.4594305347936,17.3564981580455,0.28970676232519,SF,7,3,51.2,276,236,1.16949152542373
SFhh7h4,0.000478546391857373,0.00635308498621485,-0.0820788025461796,11.8564511442987,14.6942312480129,0.283778010371422,SF,7,4,59.3,316,277,1.14079422382671
SFhh7h5,0.000379534331643167,0.00641531460831382,-0.0967163274506836,9.2217883158586,11.7191242180706,0.249733590221204,SF,7,5,65.8,343,315,1.08888888888889
SFhh7h6,0.000349126777528866,0.00649368703334625,-0.100231689505328,8.27943026123456,10.7721954527907,0.24927651915561,SF,7,6,71.4,370,344,1.07558139534884
SFhh7h7,0.000377986346597119,0.00652123705372658,-0.0953827699067356,8.88824746580545,11.7609436999436,0.287269623413811,SF,7,7,76,394,366,1.07650273224044
SFhh7h8,0.000311377162960311,0.00652210420483373,-0.105582924683928,7.32000353347851,9.83904478182742,0.251904124834891,SF,7,8,80.9,417,392,1.06377551020408
SFhh7h9,0.000232552589018692,0.00647549372567243,-0.11851565973089,5.54594304336665,7.53426767947647,0.198832463610981,SF,7,9,85.5,436,419,1.04057279236277
SFhh7h10,0.000210640038336285,0.0064965149801052,-0.121505139922102,4.99091342824863,6.88456737289182,0.18936539446432,SF,7,10,89.9,460,439,1.04783599088838
SFhh8h1,0.000534290026774155,0.0064505090303889,-0.0721973988458655,12.8407116162888,14.2939804891145,0.14532688728257,SF,8,1,27.2,142,130,1.09230769230769
SFhh8h2,0.000576433294741087,0.00622581785069461,-0.0680339058123353,14.8715500481599,17.1715188941768,0.229996884601694,SF,8,2,39.9,218,181,1.20441988950276
SFhh8h3,0.000423939806428488,0.00621759634793525,-0.0926499826195393,10.966275431551,13.0562986772435,0.209002324569245,SF,8,3,49.3,262,231,1.13419913419913
SFhh8h4,0.000350823384293982,0.006328271103356,-0.102583565890808,8.76028794939193,10.7669977075535,0.200670975816157,SF,8,4,57.2,301,271,1.11070110701107
SFhh8h5,0.000266949144991843,0.0063971581662479,-0.11459007827504,6.52310481757677,8.2209013797249,0.169779656214812,SF,8,5,63.6,328,308,1.06493506493506
SFhh8h6,0.00023639347285316,0.00648027824378799,-0.117835453728987,5.62921937466591,7.26269827208124,0.163347889741533,SF,8,6,69.1,354,337,1.05044510385757
SFhh8h7,0.000284637026438429,0.00650712075483975,-0.109935407765333,6.72223454656008,8.81716306114692,0.209492851458683,SF,8,7,73.6,378,358,1.05586592178771
SFhh8h8,0.000228540917037017,0.00650943013991253,-0.118514073641068,5.39359117741035,7.18535196698057,0.179176078957022,SF,8,8,78.4,401,383,1.04699738903394
SFhh8h9,0.000144287064394572,0.00646119428818114,-0.132438818187329,3.4562233232454,4.65236308707639,0.1196139763831,SF,8,9,82.9,419,410,1.0219512195122
SFhh8h10,0.000121340328869822,0.00648549331489046,-0.135480776630022,2.88482275919934,3.94291042694418,0.105808766774485,SF,8,10,87.2,442,430,1.02790697674419
SFhh9h1,0.000463525927351635,0.0064726982216343,-0.0828826023211244,11.0637744351381,12.2550360684318,0.11912616332937,SF,9,1,25.7,135,122,1.10655737704918
SFhh9h2,0.00052231903195486,0.00625673014472558,-0.0763467429465254,13.3426164698834,15.3117592203533,0.196914275046982,SF,9,2,37.7,206,171,1.2046783625731
SFhh9h3,0.00038710087349768,0.00622911232403047,-0.0983926913852392,9.97635344231004,11.7841145215442,0.180776107923416,SF,9,3,46.7,249,218,1.14220183486239
SFhh9h4,0.000317519385838704,0.00629832501667622,-0.10835906568084,8.00424014080554,9.7283704059097,0.172413026510416,SF,9,4,54.3,286,257,1.11284046692607
SFhh9h5,0.000233745149895043,0.00638707809531945,-0.119969544550658,5.72978274913396,7.14160345450002,0.141182070536606,SF,9,5,60.4,312,292,1.06849315068493
SFhh9h6,0.000198940211266495,0.00648355562693457,-0.123552543515733,4.73255960197506,6.03959678999593,0.130703718802087,SF,9,6,65.7,336,321,1.04672897196262
SFhh9h7,0.000226346326410835,0.00649901511703545,-0.119041679340188,5.35893335386718,6.94335763874303,0.158442428487584,SF,9,7,70,358,342,1.04678362573099
SFhh9h8,0.00016405841964961,0.00650281349777513,-0.128550754321402,3.87968018481817,5.10519657960076,0.122551639478258,SF,9,8,74.7,380,367,1.03542234332425
SFhh9h9,8.4214771161655e-05,0.00645453367493761,-0.141882477489313,2.02142918157365,2.68756802146234,0.0666138839888691,SF,9,9,79.1,398,393,1.01272264631043
SFhh9h10,6.71203771247114e-05,0.00648307123490608,-0.14389470500532,1.59695544975276,2.15606819120161,0.0559112741448846,SF,9,10,83.3,421,412,1.02184466019417
SFhh10h1,0.000431834068436494,0.00586236935238539,-0.0969174573301698,12.5652330350147,13.6189081619998,0.105367512698505,SF,10,1,24.4,131,113,1.15929203539823
SFhh10h2,0.000545529861329931,0.00583066751290325,-0.0779447872245035,16.0465611001946,17.9831921079158,0.193663100772126,SF,10,2,35.5,198,157,1.26114649681529
SFhh10h3,0.000420406354773993,0.0058902346911929,-0.0983990750135332,12.1172501521233,13.9544259224857,0.183717577036235,SF,10,3,43.7,238,199,1.19597989949749
SFhh10h4,0.000332936017313249,0.0060209946522265,-0.110789665365353,9.18383975117356,10.8684959987786,0.168465624760504,SF,10,4,50.6,271,235,1.1531914893617
SFhh10h5,0.000260196427554381,0.00616461323325897,-0.120008108287195,6.84683183089617,8.30653378947625,0.145970195858008,SF,10,5,56.1,295,266,1.10902255639098
SFhh10h6,0.000221435547319932,0.00628792146428738,-0.123819048488753,5.60058151235426,6.94690964005944,0.134632812770518,SF,10,6,60.8,316,292,1.08219178082192
SFhh10h7,0.000251643499338707,0.00632905942379289,-0.118241345285524,6.28213650849227,7.90775351422032,0.162561700572805,SF,10,7,64.6,334,312,1.07051282051282
SFhh10h8,0.000198878867329024,0.00636092334915889,-0.125944157584749,4.9152805753736,6.28157839392399,0.136629781855039,SF,10,8,68.7,354,333,1.06306306306306
SFhh10h9,0.000110904597489615,0.00632239674931156,-0.140626322226171,2.77450849380588,3.57967587158048,0.0805167377774602,SF,10,9,72.6,370,356,1.03932584269663
SFhh10h10,9.14995130627774e-05,0.00635609700370583,-0.142933703876378,2.26484116336383,2.96298244803282,0.0698141284668992,SF,10,10,76.3,392,371,1.05660377358491
TY2hh1h1,0.000224172355987316,0.00505638830238015,-0.153435139395344,8.76801371082201,10.4582732749664,0.169025956414436,TY2,1,1,75.4,398,356,1.11797752808989
TY2hh1h2,1.80468735036639e-05,0.00526641670248041,-0.18645564564495,0.650686108871484,0.852630623377483,0.0201944514505999,TY2,1,2,111.9,582,537,1.08379888268156
TY2hh1h3,0.000153467233511615,0.00538215655006563,-0.157285050818164,5.29789092451477,7.43722415966669,0.213933323515192,TY2,1,3,139.4,741,653,1.13476263399694
TY2hh1h4,0.000252888446282567,0.0053126806194281,-0.140627981848805,8.95986717322597,12.9984956603586,0.403862848713259,TY2,1,4,159.7,867,730,1.18767123287671
TY2hh1h5,0.000277831918876303,0.00541452220775098,-0.133376141682437,9.4768031531227,14.3888714788557,0.491206832573304,TY2,1,5,176.8,954,814,1.17199017199017
TY2hh1h6,0.00029631714951432,0.00539388846168992,-0.130459288411984,10.1848084172923,15.847429144511,0.566262072721865,TY2,1,6,191.1,1041,870,1.19655172413793
TY2hh1h7,0.000312781599203861,0.00540738040565272,-0.127088969009419,10.6971318746003,17.0278314424865,0.633069956788615,TY2,1,7,202.4,1102,922,1.19522776572668
TY2hh1h8,0.000296971164453861,0.00539514585201793,-0.130307660780512,10.2025305095101,16.4775312144201,0.627500070491008,TY2,1,8,211.3,1147,966,1.18737060041408
TY2hh1h9,0.000285987736631992,0.005394028954159,-0.13237086219522,9.82926092713955,16.0895324820139,0.626027155487431,TY2,1,9,218.9,1184,1005,1.17810945273632
TY2hh1h10,0.000296565405499613,0.00539463292987831,-0.130395265747257,10.1905280990708,16.8721466849771,0.668161858590628,TY2,1,10,225.3,1216,1037,1.17261330761813
TY2hh2h1,0.000256392464574741,0.0049556664457306,-0.150051974556498,10.4400149925281,11.9347830609989,0.149476806847074,TY2,2,1,58.3,308,275,1.12
TY2hh2h2,8.8725187011504e-05,0.00516621867324126,-0.176391064843712,3.3243087578205,4.09178162547001,0.076747286764951,TY2,2,2,86.5,453,412,1.0995145631068
TY2hh2h3,0.000210971971611468,0.00533611578504752,-0.147865612399096,7.40925040474986,9.68141853900536,0.227216813425551,TY2,2,3,107.7,578,499,1.15831663326653
TY2hh2h4,0.000301942500562444,0.00527254111898524,-0.132394889614802,10.8613622013969,14.5782743833205,0.371691218192368,TY2,2,4,123.1,676,555,1.21801801801802
TY2hh2h5,0.000311834067463564,0.00536086871264196,-0.12836836143993,10.8505865764813,15.0852932126365,0.42347066361552,TY2,2,5,135.8,742,616,1.20454545454545
TY2hh2h6,0.00034119870700971,0.00535596648599227,-0.123003251553811,11.8941024522108,16.8824275486928,0.498832509648196,TY2,2,6,146.2,806,656,1.22865853658537
TY2hh2h7,0.000336233138745893,0.00538164103638895,-0.123339118452146,11.6094344085627,16.8344973846739,0.522506297611117,TY2,2,7,155.4,853,701,1.21683309557775
TY2hh2h8,0.000292765237958017,0.00536509495298418,-0.131821480931778,10.1710241004603,14.9694463505922,0.47984222501319,TY2,2,8,163.9,889,750,1.18533333333333
TY2hh2h9,0.000267124686406143,0.00541375216180397,-0.135372896964986,9.11417336004434,13.70871796623,0.459454460618566,TY2,2,9,172,929,791,1.17446270543616
TY2hh2h10,0.00024366845653037,0.00540208420460432,-0.140007359164263,8.34981038944988,12.7163491304741,0.436653874102423,TY2,2,10,179.2,960,832,1.15384615384615
TY2hh3h1,0.000288549663754685,0.00485355907585538,-0.146583223800553,12.2489801940643,13.6888430162002,0.143986282213588,TY2,3,1,49.9,267,232,1.15086206896552
TY2hh3h2,7.3918818211709e-05,0.0050064944291656,-0.18497597368597,2.94908669918276,3.49312920122094,0.0544042502038178,TY2,3,2,73.6,385,351,1.0968660968661
TY2hh3h3,0.000257398329491381,0.0052185001889118,-0.142301742574713,9.45179550750294,11.8224341221186,0.237063861461562,TY2,3,3,92.1,497,424,1.17216981132075
TY2hh3h4,0.000332701257386606,0.00517028637374366,-0.129064174472452,12.4458695586218,15.942559773755,0.349669021513323,TY2,3,4,105.1,580,471,1.23142250530786
TY2hh3h5,0.000363930540557356,0.00528203107191352,-0.120421377834155,13.0441744768384,17.2694080527093,0.42252335758709,TY2,3,5,116.1,640,521,1.22840690978887
TY2hh3h6,0.000404223396818415,0.00527359697131898,-0.112973480230245,14.5347502847271,19.5956272128936,0.506087692816656,TY2,3,6,125.2,698,554,1.25992779783393
TY2hh3h7,0.00039175557484042,0.00530643218944668,-0.114623989046585,13.912652821419,19.126919522545,0.521426670112599,TY2,3,7,133.1,737,594,1.24074074074074
TY2hh3h8,0.00034368691961333,0.00528070702681163,-0.124285077178943,12.3247709412645,17.1466984234396,0.482192748217502,TY2,3,8,140.3,769,634,1.21293375394322
TY2hh3h9,0.000330667104236668,0.00533276056603105,-0.125513397324997,11.6275126963699,16.4949324707336,0.486741977436375,TY2,3,9,147.2,805,667,1.20689655172414
TY2hh3h10,0.000291419756697171,0.00531881623496948,-0.133221418450998,10.3012284792916,14.7745217445932,0.447329326530157,TY2,3,10,153.5,832,703,1.18349928876245
TY2hh4h1,0.000331342825174778,0.00493342326580573,-0.135536145754973,13.6138454408511,15.0982612976341,0.1484415856783,TY2,4,1,44.8,241,207,1.16425120772947
TY2hh4h2,0.000157437289967757,0.00503695772983552,-0.167276112928539,6.20541731142966,7.24292905231717,0.103751174088752,TY2,4,2,65.9,349,310,1.1258064516129
TY2hh4h3,0.000279459082687079,0.00510216115869064,-0.141222688759175,10.7351936902878,13.0407311224562,0.23055374321684,TY2,4,3,82.5,450,375,1.2
TY2hh4h4,0.000323518273301959,0.00506479067897366,-0.133565584359969,12.6117633648971,15.6593054994016,0.304754213450446,TY2,4,4,94.2,522,420,1.24285714285714
TY2hh4h5,0.000339515991943684,0.00520828050976987,-0.126814215712337,12.516171406854,16.0539280429072,0.353775663605319,TY2,4,5,104.2,575,467,1.23126338329764
TY2hh4h6,0.000380307392482008,0.00521262829910102,-0.118882945792407,13.9965581390933,18.271213230591,0.427465509149777,TY2,4,6,112.4,628,496,1.26612903225806
TY2hh4h7,0.000373578930306732,0.00526167222509995,-0.119053609364914,13.4938163030835,17.961820309552,0.446800400646852,TY2,4,7,119.6,664,532,1.24812030075188
TY2hh4h8,0.000332530150257406,0.00524576651531482,-0.127239717550131,12.0840667447711,16.2739466380144,0.418987989324331,TY2,4,8,126,693,567,1.22222222222222
TY2hh4h9,0.000313298108281136,0.00531389732453549,-0.129227542381785,11.0951059865136,15.2369069779902,0.414180099147662,TY2,4,9,132.2,724,598,1.21070234113712
TY2hh4h10,0.000280053322406348,0.00530487871576518,-0.135714069287597,9.95152895410099,13.8078632036364,0.385633424953541,TY2,4,10,137.7,747,630,1.18571428571429
TY2hh5h1,0.000340003509824922,0.0049610912516407,-0.133034539519266,13.8143027510185,15.2287173518902,0.141441460087168,TY2,5,1,41.6,223,193,1.15544041450777
TY2hh5h2,0.000159534844252363,0.00508043489329004,-0.16543173436937,6.18092924815717,7.15887784342416,0.0977948595266986,TY2,5,2,61.3,322,291,1.10652920962199
TY2hh5h3,0.000259058665377106,0.00516105998096002,-0.14356379064695,9.7256875007524,11.710076877541,0.198438937678863,TY2,5,3,76.6,414,352,1.17613636363636
TY2hh5h4,0.000318213492162777,0.00511688896237654,-0.133242388656518,12.1536466049188,14.947561066108,0.279391446118919,TY2,5,4,87.8,483,395,1.22278481012658
TY2hh5h5,0.000352670246074387,0.00525977837399574,-0.123071678671102,12.7477615306419,16.1792430249457,0.343148149430378,TY2,5,5,97.3,534,439,1.21640091116173
TY2hh5h6,0.000384025081284208,0.00525612400892577,-0.117191854238934,13.9004347541456,17.9365383584427,0.403610360429703,TY2,5,6,105.1,584,467,1.25053533190578
TY2hh5h7,0.000371857398925084,0.00530323757361707,-0.118445118167032,13.2219119634441,17.386714831405,0.416480286796094,TY2,5,7,112,619,501,1.23552894211577
TY2hh5h8,0.000327640310074023,0.00528585525739886,-0.127199792121595,11.7264564479756,15.5991649130506,0.387270846507495,TY2,5,8,118.2,647,535,1.20934579439252
TY2hh5h9,0.000305615684791946,0.00535286405145792,-0.129722015827944,10.6660401000009,14.4587307482689,0.379269064826805,TY2,5,9,124.1,677,564,1.20035460992908
TY2hh5h10,0.0002865634408601,0.00532949306536805,-0.133865744900942,10.0890199393879,13.7942852297089,0.370526529032109,TY2,5,10,129.3,700,593,1.18043844856661
TY2hh6h1,0.000286536525898748,0.00501523006329601,-0.142259370975369,11.3919552593231,12.5037169798102,0.111176172048714,TY2,6,1,38.8,207,181,1.14364640883978
TY2hh6h2,0.000109803296201723,0.00514277069513629,-0.173096713147286,4.15165308521713,4.780825972453,0.062917288723587,TY2,6,2,57.3,299,274,1.09124087591241
TY2hh6h3,0.000194574211721706,0.00523081008810457,-0.153977256813418,7.11127337600825,8.50637047405289,0.139509709804464,TY2,6,3,71.7,384,333,1.15315315315315
TY2hh6h4,0.000256248253603109,0.00518790382257203,-0.143362670518467,9.52087979084296,11.6323654005326,0.211148560968962,TY2,6,4,82.4,449,375,1.19733333333333
TY2hh6h5,0.000308275078399568,0.00533255486855914,-0.129717356623718,10.8409602336414,13.6616772009974,0.282071696735605,TY2,6,5,91.5,498,417,1.19424460431655
TY2hh6h6,0.000347438963242522,0.00533289280900569,-0.122365301559314,12.2166691206283,15.6528404670969,0.343617134646854,TY2,6,6,98.9,545,444,1.22747747747748
TY2hh6h7,0.000330737348764819,0.00538031537073981,-0.124390970625047,11.4253042773312,14.9112759333124,0.348597165598119,TY2,6,7,105.4,578,476,1.21428571428571
TY2hh6h8,0.000288377951316469,0.00536180451423274,-0.132720625452598,10.0309046034956,13.243434981161,0.321253037766546,TY2,6,8,111.4,605,509,1.18860510805501
TY2hh6h9,0.000252759228686726,0.00542069602494809,-0.137849598626116,8.60194998629079,11.5617605542124,0.295981056792156,TY2,6,9,117.1,633,538,1.17657992565056
TY2hh6h10,0.000234709469438595,0.00539543639714286,-0.141840339544483,8.0626434949723,10.9307932115119,0.286814971653963,TY2,6,10,122.2,655,567,1.15520282186949
TY2hh7h1,0.000318045026764174,0.00500983949481325,-0.136123118104255,12.6718780457961,13.8391032940206,0.116722524822452,TY2,7,1,36.7,197,170,1.15882352941176
TY2hh7h2,6.15879726231408e-05,0.00515026255850076,-0.182206638344673,2.32186608798508,2.65505701987628,0.0333190931891192,TY2,7,2,54.1,280,261,1.0727969348659
TY2hh7h3,0.000177272094581736,0.00523372493466978,-0.15719739109105,6.47170314675469,7.6771533899105,0.120545024315581,TY2,7,3,68,364,316,1.15189873417722
TY2hh7h4,0.000241252922403764,0.0051898331006157,-0.146198743367339,8.9570665209928,10.8460769034143,0.188901038242147,TY2,7,4,78.3,426,357,1.19327731092437
TY2hh7h5,0.000313201746260233,0.00534231961483461,-0.128558061526805,10.9739869859213,13.7019741958479,0.272798720992663,TY2,7,5,87.1,475,396,1.19949494949495
TY2hh7h6,0.000347602471298718,0.00534746301972575,-0.122001316567261,12.155904391978,15.4303196716119,0.327441527963393,TY2,7,6,94.2,520,422,1.23222748815166
TY2hh7h7,0.000332226802650044,0.00539635155490353,-0.123745310244505,11.4086484267429,14.7442055253493,0.333555709860644,TY2,7,7,100.4,552,452,1.2212389380531
TY2hh7h8,0.000288334844482284,0.00537921013728218,-0.132299192140741,9.96460547389565,13.0238381738527,0.305923269995703,TY2,7,8,106.1,578,483,1.19668737060041
TY2hh7h9,0.000249829110315398,0.00541798726698907,-0.13845933050734,8.5107352595759,11.2963298395926,0.278559458001668,TY2,7,9,111.5,605,510,1.18627450980392
TY2hh7h10,0.000229143329455051,0.00539480717496307,-0.142888641900389,7.87327400961363,10.5382109311759,0.266493692156224,TY2,7,10,116.3,625,538,1.16171003717472
TY2hh8h1,0.0002939039704197,0.00502647735040196,-0.140475323045837,11.6326321039539,12.6612960004229,0.102866389646895,TY2,8,1,35,185,165,1.12121212121212
TY2hh8h2,8.15295980519608e-06,0.00514715515226698,-0.192698104264054,0.307737755690791,0.349970087481707,0.00422323317909157,TY2,8,2,51.8,263,255,1.03137254901961
TY2hh8h3,0.000122472757143922,0.00523972902828771,-0.167475691608969,4.46089333327969,5.2606404374295,0.079974710414981,TY2,8,3,65.3,344,309,1.11326860841424
TY2hh8h4,0.000189930475441301,0.00519954544903445,-0.155796219592451,7.02528420217537,8.45735998700278,0.143207578482741,TY2,8,4,75.4,404,350,1.15428571428571
TY2hh8h5,0.000271618465427759,0.00536258406353738,-0.135826595153041,9.44519796335284,11.726793072946,0.228159510959317,TY2,8,5,84,452,388,1.16494845360825
TY2hh8h6,0.000307744544059315,0.0053714483282138,-0.128876871495641,10.6661468220043,13.4635447275035,0.279739790549917,TY2,8,6,90.9,496,413,1.20096852300242
TY2hh8h7,0.000296914326081415,0.00542376203775663,-0.129630627048932,10.0932236976595,12.9703235173884,0.287709981972891,TY2,8,7,96.9,527,442,1.19230769230769
TY2hh8h8,0.000251176887930654,0.00540644939637563,-0.138505525007104,8.59320931269592,11.1677724139851,0.25745631012892,TY2,8,8,102.5,552,473,1.16701902748414
TY2hh8h9,0.000213246059439189,0.0054447081988663,-0.144498825616519,7.19336000526087,9.49428498660972,0.230092498134885,TY2,8,9,107.9,579,500,1.158
TY2hh8h10,0.000189914498892978,0.00542072974435575,-0.149442148808564,6.4631258205381,8.60156307807303,0.213843725753493,TY2,8,10,112.6,598,528,1.13257575757576
TY2hh9h1,0.000292912284961311,0.00504830526213278,-0.140064373749848,11.4933430765047,12.4745992311251,0.098125615462039,TY2,9,1,33.5,179,156,1.1474358974359
TY2hh9h2,-1.32716331767088e-05,0.00518278070978662,-0.195507332822968,-0.494081624345094,-0.559643492238035,-0.00655618678929415,TY2,9,2,49.4,251,243,1.03292181069959
TY2hh9h3,0.000130206371665795,0.00525615873193621,-0.165480852594762,4.71297670100298,5.52416239648089,0.0811185695477902,TY2,9,3,62.3,330,293,1.12627986348123
TY2hh9h4,0.000197618121160797,0.00522390270513226,-0.153598166759671,7.24163458968313,8.66448506204087,0.142285047235774,TY2,9,4,72,389,331,1.17522658610272
TY2hh9h5,0.000282118843838105,0.00539165105108791,-0.133146813352664,9.70484362116905,11.9646155603123,0.225977193914322,TY2,9,5,80.1,434,367,1.18256130790191
TY2hh9h6,0.00032490313540493,0.00540185292468272,-0.124975054672508,11.1344403072897,13.9448524285423,0.281041212125264,TY2,9,6,86.5,475,390,1.21794871794872
TY2hh9h7,0.000323432924027362,0.00545470349653074,-0.124033703463982,10.8703100167117,13.8458929177634,0.297558290105173,TY2,9,7,92,504,416,1.21153846153846
TY2hh9h8,0.00027411213457899,0.00544157426080984,-0.133396666227427,9.2571892197087,11.9215591678165,0.266436994810778,TY2,9,8,97.2,527,445,1.18426966292135
TY2hh9h9,0.000227733950363149,0.00548450370176551,-0.14080873888156,7.57099765664414,9.89843862935552,0.232744097271138,TY2,9,9,102.2,552,470,1.17446808510638
TY2hh9h10,0.000210184544114694,0.00546098556114298,-0.144628739087894,7.04788356332769,9.28845080359033,0.224056724026264,TY2,9,10,106.6,570,496,1.1491935483871
TY2hh10h1,0.000291272805684019,0.00505836091316409,-0.140110048785084,11.3836179886124,12.3302546070854,0.0946636618473062,TY2,10,1,32.5,174,151,1.1523178807947
TY2hh10h2,-1.35452281800384e-05,0.00521301974083897,-0.194425741425817,-0.498433916138502,-0.563315559120886,-0.0064881642982384,TY2,10,2,47.9,244,235,1.03829787234043
TY2hh10h3,0.000134102636157651,0.00527955845394278,-0.164009428325525,4.81107480863393,5.61971370466456,0.0808638896030636,TY2,10,3,60.3,320,283,1.13074204946996
TY2hh10h4,0.000201059589323726,0.00525522164531441,-0.152027919010536,7.28019003494575,8.67956477663888,0.139937474169314,TY2,10,4,69.6,377,319,1.18181818181818
TY2hh10h5,0.000297533403814562,0.00542974842804296,-0.12937369115619,10.091978442595,12.3948869881197,0.230290854552471,TY2,10,5,77.4,421,353,1.19263456090652
TY2hh10h6,0.000324580872407443,0.00543239109487245,-0.124331830274531,10.9986875794325,13.7121836727587,0.271349609332623,TY2,10,6,83.6,460,376,1.22340425531915
TY2hh10h7,0.000327158466447886,0.00548652150440772,-0.122635358853797,10.8683594206527,13.7800697720389,0.291171035138619,TY2,10,7,89,489,401,1.21945137157107
TY2hh10h8,0.000280928649624866,0.0054761107006472,-0.131310594267232,9.36810163603353,12.0088309425073,0.264072930647374,TY2,10,8,94,512,428,1.19626168224299
TY2hh10h9,0.000225221413663288,0.00551845018089593,-0.140397858264424,7.39563429504453,9.62082186203781,0.222518756699328,TY2,10,9,98.8,536,452,1.1858407079646
TY2hh10h10,0.000203872314677802,0.00549765458861306,-0.144812241745992,6.74533236180715,8.84521720298851,0.209988484118137,TY2,10,10,103,552,478,1.15481171548117
